model,model_label,seed,class_id,class,n_gt,tp,fp,fn,precision,recall,f1,ap50,ap50_95,miss_rate,false_discovery_rate,fppi
fasterrcnn_r50_fpn_v2,Faster R-CNN R50-FPN V2,20260908,0,Deformed,20,12,10,8,0.5454545454545454,0.6,0.5714285714285713,0.7216860432155882,0.6391763579579652,0.4,0.4545454545454546,0.1
fasterrcnn_r50_fpn_v2,Faster R-CNN R50-FPN V2,20260908,1,Displaced,20,16,23,4,0.41025641025641024,0.8,0.5423728813559321,0.5322750495370475,0.4503800600482547,0.19999999999999996,0.5897435897435898,0.23
fasterrcnn_r50_fpn_v2,Faster R-CNN R50-FPN V2,20260908,2,Fractured,20,15,3,5,0.8333333333333334,0.75,0.7894736842105262,0.8789757654091694,0.7352533476715071,0.25,0.16666666666666663,0.03
fasterrcnn_r50_fpn_v2,Faster R-CNN R50-FPN V2,20260908,3,Inverted,20,16,14,4,0.5333333333333333,0.8,0.64,0.8166701583528735,0.6783931325054702,0.19999999999999996,0.4666666666666667,0.14
fasterrcnn_r50_fpn_v2,Faster R-CNN R50-FPN V2,20260908,4,Missing,20,19,4,1,0.8260869565217391,0.95,0.8837209302325583,0.9830268741159828,0.7613491226942242,0.050000000000000044,0.17391304347826086,0.04
fasterrcnn_r50_fpn_v2,Faster R-CNN R50-FPN V2,20260908,5,Normal,519,518,22,1,0.9592592592592593,0.9980732177263969,0.9782813975448537,0.9885128245988554,0.96300301359536,0.0019267822736031004,0.040740740740740744,0.22
fasterrcnn_r50_fpn_v2,Faster R-CNN R50-FPN V2,20260909,0,Deformed,20,16,20,4,0.4444444444444444,0.8,0.5714285714285714,0.6980192609304036,0.6151443491069801,0.19999999999999996,0.5555555555555556,0.2
fasterrcnn_r50_fpn_v2,Faster R-CNN R50-FPN V2,20260909,1,Displaced,20,8,21,12,0.27586206896551724,0.4,0.32653061224489793,0.40294727467922037,0.3457194314664891,0.6,0.7241379310344828,0.21
fasterrcnn_r50_fpn_v2,Faster R-CNN R50-FPN V2,20260909,2,Fractured,20,14,3,6,0.8235294117647058,0.7,0.7567567567567567,0.7636981280545636,0.6370829814329031,0.30000000000000004,0.17647058823529416,0.03
fasterrcnn_r50_fpn_v2,Faster R-CNN R50-FPN V2,20260909,3,Inverted,20,17,16,3,0.5151515151515151,0.85,0.6415094339622641,0.8434724137438374,0.702117525791988,0.15000000000000002,0.48484848484848486,0.16
fasterrcnn_r50_fpn_v2,Faster R-CNN R50-FPN V2,20260909,4,Missing,20,20,24,0,0.45454545454545453,1.0,0.625,0.9883935761997252,0.7428534919217497,0.0,0.5454545454545454,0.24
fasterrcnn_r50_fpn_v2,Faster R-CNN R50-FPN V2,20260909,5,Normal,519,518,33,1,0.9401088929219601,0.9980732177263969,0.9682242990654205,0.9864976361750728,0.9427304473353393,0.0019267822736031004,0.05989110707803991,0.33
fasterrcnn_r50_fpn_v2,Faster R-CNN R50-FPN V2,20260910,0,Deformed,20,15,19,5,0.4411764705882353,0.75,0.5555555555555556,0.6080757129744121,0.496904387791394,0.25,0.5588235294117647,0.19
fasterrcnn_r50_fpn_v2,Faster R-CNN R50-FPN V2,20260910,1,Displaced,20,14,29,6,0.32558139534883723,0.7,0.44444444444444453,0.5955629903649705,0.5048134601229691,0.30000000000000004,0.6744186046511628,0.29
fasterrcnn_r50_fpn_v2,Faster R-CNN R50-FPN V2,20260910,2,Fractured,20,18,11,2,0.6206896551724138,0.9,0.7346938775510204,0.8981447870195013,0.7151006695168883,0.09999999999999998,0.3793103448275862,0.11
fasterrcnn_r50_fpn_v2,Faster R-CNN R50-FPN V2,20260910,3,Inverted,20,19,22,1,0.4634146341463415,0.95,0.6229508196721312,0.914050220745027,0.7534269220318511,0.050000000000000044,0.5365853658536586,0.22
fasterrcnn_r50_fpn_v2,Faster R-CNN R50-FPN V2,20260910,4,Missing,20,20,8,0,0.7142857142857143,1.0,0.8333333333333333,0.997171145685997,0.6907675497544992,0.0,0.2857142857142857,0.08
fasterrcnn_r50_fpn_v2,Faster R-CNN R50-FPN V2,20260910,5,Normal,519,518,28,1,0.9487179487179487,0.9980732177263969,0.9727699530516432,0.9875449118426323,0.9505696478073489,0.0019267822736031004,0.05128205128205132,0.28
retinanet_r50_fpn_v2,RetinaNet R50-FPN V2,20260908,0,Deformed,20,7,26,13,0.21212121212121213,0.35,0.26415094339622636,0.34144496028290455,0.3148988735934177,0.65,0.7878787878787878,0.26
retinanet_r50_fpn_v2,RetinaNet R50-FPN V2,20260908,1,Displaced,20,10,35,10,0.2222222222222222,0.5,0.30769230769230765,0.27941205586323264,0.25132538208329225,0.5,0.7777777777777778,0.35
retinanet_r50_fpn_v2,RetinaNet R50-FPN V2,20260908,2,Fractured,20,8,17,12,0.32,0.4,0.35555555555555557,0.33459441152308084,0.2929468169185256,0.6,0.6799999999999999,0.17
retinanet_r50_fpn_v2,RetinaNet R50-FPN V2,20260908,3,Inverted,20,8,28,12,0.2222222222222222,0.4,0.2857142857142857,0.32559701497326665,0.2994333223135396,0.6,0.7777777777777778,0.28
retinanet_r50_fpn_v2,RetinaNet R50-FPN V2,20260908,4,Missing,20,17,12,3,0.5862068965517241,0.85,0.6938775510204082,0.8688765424329132,0.6365385841787601,0.15000000000000002,0.4137931034482759,0.12
retinanet_r50_fpn_v2,RetinaNet R50-FPN V2,20260908,5,Normal,519,517,70,2,0.8807495741056218,0.9961464354527938,0.9349005424954792,0.983321641497643,0.954437460737848,0.003853564547206201,0.11925042589437818,0.7
retinanet_r50_fpn_v2,RetinaNet R50-FPN V2,20260909,0,Deformed,20,11,5,9,0.6875,0.55,0.6111111111111112,0.6467031269603377,0.5912976475841308,0.44999999999999996,0.3125,0.05
retinanet_r50_fpn_v2,RetinaNet R50-FPN V2,20260909,1,Displaced,20,13,27,7,0.325,0.65,0.43333333333333335,0.4283697860058571,0.4006101160721613,0.35,0.675,0.27
retinanet_r50_fpn_v2,RetinaNet R50-FPN V2,20260909,2,Fractured,20,10,9,10,0.5263157894736842,0.5,0.5128205128205129,0.609758266987386,0.5354762438411492,0.5,0.4736842105263158,0.09
retinanet_r50_fpn_v2,RetinaNet R50-FPN V2,20260909,3,Inverted,20,15,8,5,0.6521739130434783,0.75,0.6976744186046512,0.8416036488713595,0.7794367195915205,0.25,0.34782608695652173,0.08
retinanet_r50_fpn_v2,RetinaNet R50-FPN V2,20260909,4,Missing,20,19,4,1,0.8260869565217391,0.95,0.8837209302325583,0.9514851485148513,0.7052514404663967,0.050000000000000044,0.17391304347826086,0.04
retinanet_r50_fpn_v2,RetinaNet R50-FPN V2,20260909,5,Normal,519,516,36,3,0.9347826086956522,0.9942196531791907,0.9635854341736695,0.9862564366683431,0.9627262669873525,0.005780346820809301,0.06521739130434778,0.36
retinanet_r50_fpn_v2,RetinaNet R50-FPN V2,20260910,0,Deformed,20,8,18,12,0.3076923076923077,0.4,0.34782608695652173,0.28400474026497663,0.2570111543737266,0.6,0.6923076923076923,0.18
retinanet_r50_fpn_v2,RetinaNet R50-FPN V2,20260910,1,Displaced,20,7,16,13,0.30434782608695654,0.35,0.3255813953488372,0.31284174475824694,0.28443282837991535,0.65,0.6956521739130435,0.16
retinanet_r50_fpn_v2,RetinaNet R50-FPN V2,20260910,2,Fractured,20,9,12,11,0.42857142857142855,0.45,0.4390243902439024,0.4657485485728915,0.3861396367685305,0.55,0.5714285714285714,0.12
retinanet_r50_fpn_v2,RetinaNet R50-FPN V2,20260910,3,Inverted,20,6,6,14,0.5,0.3,0.37499999999999994,0.5155080479836832,0.47478284457352793,0.7,0.5,0.06
retinanet_r50_fpn_v2,RetinaNet R50-FPN V2,20260910,4,Missing,20,14,7,6,0.6666666666666666,0.7,0.6829268292682926,0.7196105597540343,0.5005322023846478,0.30000000000000004,0.33333333333333337,0.07
retinanet_r50_fpn_v2,RetinaNet R50-FPN V2,20260910,5,Normal,519,507,41,12,0.9251824817518248,0.976878612716763,0.950328022492971,0.9841624618873778,0.9553023299615264,0.023121387283236983,0.07481751824817517,0.41
fcos_r50_fpn,FCOS R50-FPN,20260908,0,Deformed,20,17,543,3,0.030357142857142857,0.85,0.05862068965517242,0.03350083752093802,0.03235930508869221,0.15000000000000002,0.9696428571428571,5.43
fcos_r50_fpn,FCOS R50-FPN,20260908,1,Displaced,20,17,553,3,0.02982456140350877,0.85,0.0576271186440678,0.03490401396160559,0.03231370257444593,0.15000000000000002,0.9701754385964912,5.53
fcos_r50_fpn,FCOS R50-FPN,20260908,2,Fractured,20,17,562,3,0.02936096718480138,0.85,0.056761268781302165,0.03350083752093802,0.029926862032936957,0.15000000000000002,0.9706390328151986,5.62
fcos_r50_fpn,FCOS R50-FPN,20260908,3,Inverted,20,18,560,2,0.031141868512110725,0.9,0.060200668896321065,0.034542314335060435,0.03214145248721762,0.09999999999999998,0.9688581314878892,5.6
fcos_r50_fpn,FCOS R50-FPN,20260908,4,Missing,20,9,550,11,0.016100178890876567,0.45,0.031088082901554407,0.03200000000000001,0.02604812173828221,0.55,0.9838998211091234,5.5
fcos_r50_fpn,FCOS R50-FPN,20260908,5,Normal,519,516,206,3,0.7146814404432132,0.9942196531791907,0.8315874294923448,0.9609171757743504,0.9415109023721311,0.005780346820809301,0.28531855955678675,2.06
fcos_r50_fpn,FCOS R50-FPN,20260909,0,Deformed,20,7,27,13,0.20588235294117646,0.35,0.25925925925925924,0.2739220605967594,0.26568048721479665,0.65,0.7941176470588236,0.27
fcos_r50_fpn,FCOS R50-FPN,20260909,1,Displaced,20,9,27,11,0.25,0.45,0.32142857142857145,0.23556900939159411,0.22148783856743254,0.55,0.75,0.27
fcos_r50_fpn,FCOS R50-FPN,20260909,2,Fractured,20,11,20,9,0.3548387096774194,0.55,0.43137254901960786,0.4727703080964529,0.43394580976332886,0.44999999999999996,0.6451612903225806,0.2
fcos_r50_fpn,FCOS R50-FPN,20260909,3,Inverted,20,11,23,9,0.3235294117647059,0.55,0.4074074074074075,0.5629378783789751,0.5124198697996757,0.44999999999999996,0.6764705882352942,0.23
fcos_r50_fpn,FCOS R50-FPN,20260909,4,Missing,20,18,11,2,0.6206896551724138,0.9,0.7346938775510204,0.8687851897665525,0.7291164125300699,0.09999999999999998,0.3793103448275862,0.11
fcos_r50_fpn,FCOS R50-FPN,20260909,5,Normal,519,514,37,5,0.9328493647912885,0.9903660886319846,0.9607476635514018,0.9854703770585357,0.967035926596297,0.009633911368015391,0.06715063520871145,0.37
fcos_r50_fpn,FCOS R50-FPN,20260910,0,Deformed,20,5,88,15,0.053763440860215055,0.25,0.08849557522123894,0.09008385859954797,0.0871982955493795,0.75,0.946236559139785,0.88
fcos_r50_fpn,FCOS R50-FPN,20260910,1,Displaced,20,8,86,12,0.0851063829787234,0.4,0.14035087719298245,0.2246418501217366,0.20828362010218066,0.6,0.9148936170212766,0.86
fcos_r50_fpn,FCOS R50-FPN,20260910,2,Fractured,20,6,48,14,0.1111111111111111,0.3,0.16216216216216217,0.16421004888632681,0.156010626933055,0.7,0.8888888888888888,0.48
fcos_r50_fpn,FCOS R50-FPN,20260910,3,Inverted,20,6,59,14,0.09230769230769231,0.3,0.1411764705882353,0.1366574701675053,0.1308562035025162,0.7,0.9076923076923077,0.59
fcos_r50_fpn,FCOS R50-FPN,20260910,4,Missing,20,8,20,12,0.2857142857142857,0.4,0.3333333333333333,0.2937296852492387,0.25534778046634815,0.6,0.7142857142857143,0.2
fcos_r50_fpn,FCOS R50-FPN,20260910,5,Normal,519,494,60,25,0.8916967509025271,0.9518304431599229,0.9207828518173347,0.9653358341571299,0.9472772984883578,0.048169556840077066,0.10830324909747291,0.6
rtdetr_l,RT-DETR-L,20260908,0,Deformed,20,7,81,13,0.07954545454545454,0.35,0.12962962962962962,0.18024730999182034,0.1708803807631368,0.65,0.9204545454545454,0.81
rtdetr_l,RT-DETR-L,20260908,1,Displaced,20,17,163,3,0.09444444444444444,0.85,0.16999999999999998,0.4064775224263054,0.3793331165545989,0.15000000000000002,0.9055555555555556,1.63
rtdetr_l,RT-DETR-L,20260908,2,Fractured,20,8,61,12,0.11594202898550725,0.4,0.1797752808988764,0.20294791419635153,0.1790985269488206,0.6,0.8840579710144928,0.61
rtdetr_l,RT-DETR-L,20260908,3,Inverted,20,17,297,3,0.054140127388535034,0.85,0.10179640718562875,0.20447123854905055,0.187124434594864,0.15000000000000002,0.945859872611465,2.97
rtdetr_l,RT-DETR-L,20260908,4,Missing,20,18,181,2,0.09045226130653267,0.9,0.1643835616438356,0.5362676080779725,0.47004060508643136,0.09999999999999998,0.9095477386934674,1.81
rtdetr_l,RT-DETR-L,20260908,5,Normal,519,517,399,2,0.5644104803493449,0.9961464354527938,0.7205574912891985,0.9254190477672459,0.8688105543671705,0.003853564547206201,0.43558951965065507,3.99
rtdetr_l,RT-DETR-L,20260909,0,Deformed,20,13,150,7,0.07975460122699386,0.65,0.14207650273224043,0.2463760118511014,0.2331712310105838,0.35,0.9202453987730062,1.5
rtdetr_l,RT-DETR-L,20260909,1,Displaced,20,9,42,11,0.17647058823529413,0.45,0.25352112676056343,0.21140624815169687,0.1926033548706142,0.55,0.8235294117647058,0.42
rtdetr_l,RT-DETR-L,20260909,2,Fractured,20,6,26,14,0.1875,0.3,0.23076923076923075,0.24028307612690866,0.2182576334092336,0.7,0.8125,0.26
rtdetr_l,RT-DETR-L,20260909,3,Inverted,20,11,117,9,0.0859375,0.55,0.14864864864864866,0.16509166708064754,0.15572666116700046,0.44999999999999996,0.9140625,1.17
rtdetr_l,RT-DETR-L,20260909,4,Missing,20,16,52,4,0.23529411764705882,0.8,0.3636363636363636,0.33982800873541225,0.30452110353170936,0.19999999999999996,0.7647058823529411,0.52
rtdetr_l,RT-DETR-L,20260909,5,Normal,519,482,361,37,0.571767497034401,0.928709055876686,0.7077826725403819,0.8579673214222783,0.7779229341431051,0.07129094412331405,0.428232502965599,3.61
rtdetr_l,RT-DETR-L,20260910,0,Deformed,20,10,34,10,0.22727272727272727,0.5,0.3125,0.26718426501759673,0.23676668176324095,0.5,0.7727272727272727,0.34
rtdetr_l,RT-DETR-L,20260910,1,Displaced,20,7,8,13,0.4666666666666667,0.35,0.4,0.14903203768104456,0.12932777199184126,0.65,0.5333333333333333,0.08
rtdetr_l,RT-DETR-L,20260910,2,Fractured,20,7,25,13,0.21875,0.35,0.2692307692307692,0.15743827129965746,0.13473414718350757,0.65,0.78125,0.25
rtdetr_l,RT-DETR-L,20260910,3,Inverted,20,10,37,10,0.2127659574468085,0.5,0.2985074626865672,0.19569949506471385,0.17179803153295814,0.5,0.7872340425531915,0.37
rtdetr_l,RT-DETR-L,20260910,4,Missing,20,8,6,12,0.5714285714285714,0.4,0.47058823529411764,0.32455715794904555,0.2662144228057221,0.6,0.4285714285714286,0.06
rtdetr_l,RT-DETR-L,20260910,5,Normal,519,351,303,168,0.536697247706422,0.6763005780346821,0.5984654731457801,0.6769343265840293,0.6107321223188895,0.32369942196531787,0.463302752293578,3.03
yolo11m,YOLO11m,20260908,0,Deformed,20,16,8,4,0.6666666666666666,0.8,0.7272727272727272,0.7635798526089169,0.7600739912700949,0.19999999999999996,0.33333333333333337,0.08
yolo11m,YOLO11m,20260908,1,Displaced,20,13,5,7,0.7222222222222222,0.65,0.6842105263157895,0.6160549868056842,0.5768523461715381,0.35,0.2777777777777778,0.05
yolo11m,YOLO11m,20260908,2,Fractured,20,10,10,10,0.5,0.5,0.5,0.6912634944813164,0.6723702634505788,0.5,0.5,0.1
yolo11m,YOLO11m,20260908,3,Inverted,20,20,18,0,0.5263157894736842,1.0,0.6896551724137931,0.7850861875523978,0.7622064623264593,0.0,0.4736842105263158,0.18
yolo11m,YOLO11m,20260908,4,Missing,20,20,1,0,0.9523809523809523,1.0,0.975609756097561,1.0,0.898161906526787,0.0,0.04761904761904767,0.01
yolo11m,YOLO11m,20260908,5,Normal,519,517,18,2,0.9663551401869159,0.9961464354527938,0.9810246679316889,0.9882273192058723,0.9754868410610342,0.003853564547206201,0.03364485981308407,0.18
yolo11m,YOLO11m,20260909,0,Deformed,20,13,14,7,0.48148148148148145,0.65,0.553191489361702,0.5314764992982814,0.5167566207170167,0.35,0.5185185185185186,0.14
yolo11m,YOLO11m,20260909,1,Displaced,20,10,13,10,0.43478260869565216,0.5,0.46511627906976744,0.3719220005624255,0.3508094178487803,0.5,0.5652173913043479,0.13
yolo11m,YOLO11m,20260909,2,Fractured,20,10,12,10,0.45454545454545453,0.5,0.47619047619047616,0.5515558612390781,0.5351300740491596,0.5,0.5454545454545454,0.12
yolo11m,YOLO11m,20260909,3,Inverted,20,15,13,5,0.5357142857142857,0.75,0.6250000000000001,0.7362042655878491,0.6932455866554398,0.25,0.4642857142857143,0.13
yolo11m,YOLO11m,20260909,4,Missing,20,20,12,0,0.625,1.0,0.7692307692307693,1.0,0.9170307909911871,0.0,0.375,0.12
yolo11m,YOLO11m,20260909,5,Normal,519,516,28,3,0.9485294117647058,0.9942196531791907,0.9708372530573847,0.9893685148401191,0.9807906753516384,0.005780346820809301,0.05147058823529416,0.28
yolo11m,YOLO11m,20260910,0,Deformed,20,14,26,6,0.35,0.7,0.4666666666666667,0.642818693301215,0.637913059846705,0.30000000000000004,0.65,0.26
yolo11m,YOLO11m,20260910,1,Displaced,20,11,5,9,0.6875,0.55,0.6111111111111112,0.580429597581607,0.5517015836037386,0.44999999999999996,0.3125,0.05
yolo11m,YOLO11m,20260910,2,Fractured,20,17,16,3,0.5151515151515151,0.85,0.6415094339622641,0.7187329383390828,0.6893542297906856,0.15000000000000002,0.48484848484848486,0.16
yolo11m,YOLO11m,20260910,3,Inverted,20,14,6,6,0.7,0.7,0.7,0.7487310426486847,0.7115848494071746,0.30000000000000004,0.30000000000000004,0.06
yolo11m,YOLO11m,20260910,4,Missing,20,20,5,0,0.8,1.0,0.888888888888889,0.9777677767776776,0.8793684942023612,0.0,0.19999999999999996,0.05
yolo11m,YOLO11m,20260910,5,Normal,519,518,17,1,0.9682242990654205,0.9980732177263969,0.98292220113852,0.9892378223686208,0.9808907013515877,0.0019267822736031004,0.03177570093457949,0.17
yolov10m,YOLOv10m,20260908,0,Deformed,20,14,24,6,0.3684210526315789,0.7,0.48275862068965514,0.5063943840633467,0.492687863979057,0.30000000000000004,0.631578947368421,0.24
yolov10m,YOLOv10m,20260908,1,Displaced,20,14,22,6,0.3888888888888889,0.7,0.5,0.6064104309590624,0.5652794691233831,0.30000000000000004,0.6111111111111112,0.22
yolov10m,YOLOv10m,20260908,2,Fractured,20,12,19,8,0.3870967741935484,0.6,0.47058823529411764,0.46937744358951733,0.43606044378774345,0.4,0.6129032258064516,0.19
yolov10m,YOLOv10m,20260908,3,Inverted,20,14,23,6,0.3783783783783784,0.7,0.4912280701754387,0.6331368796728282,0.6201146348041436,0.30000000000000004,0.6216216216216216,0.23
yolov10m,YOLOv10m,20260908,4,Missing,20,20,6,0,0.7692307692307693,1.0,0.8695652173913044,0.9858740695906789,0.9237347518680583,0.0,0.23076923076923073,0.06
yolov10m,YOLOv10m,20260908,5,Normal,519,514,27,5,0.9500924214417745,0.9903660886319846,0.969811320754717,0.9859516746142238,0.9800632629856697,0.009633911368015391,0.049907578558225474,0.27
yolov10m,YOLOv10m,20260909,0,Deformed,20,13,25,7,0.34210526315789475,0.65,0.4482758620689655,0.4802968873004193,0.4727428284524624,0.35,0.6578947368421053,0.25
yolov10m,YOLOv10m,20260909,1,Displaced,20,14,31,6,0.3111111111111111,0.7,0.43076923076923074,0.34360324997464486,0.3225564526247523,0.30000000000000004,0.6888888888888889,0.31
yolov10m,YOLOv10m,20260909,2,Fractured,20,13,18,7,0.41935483870967744,0.65,0.5098039215686274,0.4231886503099707,0.4062452473801744,0.35,0.5806451612903225,0.18
yolov10m,YOLOv10m,20260909,3,Inverted,20,12,21,8,0.36363636363636365,0.6,0.4528301886792453,0.3997100547834472,0.38751134812148197,0.4,0.6363636363636364,0.21
yolov10m,YOLOv10m,20260909,4,Missing,20,19,13,1,0.59375,0.95,0.7307692307692308,0.7627026713938188,0.6953627248286832,0.050000000000000044,0.40625,0.13
yolov10m,YOLOv10m,20260909,5,Normal,519,517,64,2,0.8898450946643718,0.9961464354527938,0.9400000000000001,0.9879018702685363,0.9746156257259745,0.003853564547206201,0.11015490533562822,0.64
yolov10m,YOLOv10m,20260910,0,Deformed,20,8,15,12,0.34782608695652173,0.4,0.37209302325581395,0.40355662542183185,0.3895813966943362,0.6,0.6521739130434783,0.15
yolov10m,YOLOv10m,20260910,1,Displaced,20,11,28,9,0.28205128205128205,0.55,0.3728813559322034,0.3756028433739512,0.35336490353634276,0.44999999999999996,0.717948717948718,0.28
yolov10m,YOLOv10m,20260910,2,Fractured,20,17,45,3,0.27419354838709675,0.85,0.4146341463414634,0.44850021015449026,0.39644414625466473,0.15000000000000002,0.7258064516129032,0.45
yolov10m,YOLOv10m,20260910,3,Inverted,20,12,37,8,0.24489795918367346,0.6,0.34782608695652173,0.45475702190641076,0.4422004836347778,0.4,0.7551020408163265,0.37
yolov10m,YOLOv10m,20260910,4,Missing,20,16,9,4,0.64,0.8,0.7111111111111111,0.8115176610396825,0.7529694103584972,0.19999999999999996,0.36,0.09
yolov10m,YOLOv10m,20260910,5,Normal,519,514,33,5,0.9396709323583181,0.9903660886319846,0.9643527204502814,0.9869691421283494,0.975138527106244,0.009633911368015391,0.06032906764168189,0.33
