model,model_label,seed,class_id,class,operating_threshold,n_gt,tp,fp,fn,precision,recall,f1,ap50,ap50_95,miss_rate,false_discovery_rate,fppi
fasterrcnn_r50_fpn_v2,Faster R-CNN R50-FPN V2,20260908,0,Damage,0.41,20,11,17,9,0.39285714285714285,0.55,0.45833333333333337,0.5285495521282951,0.4419386710444357,0.44999999999999996,0.6071428571428572,0.17
fasterrcnn_r50_fpn_v2,Faster R-CNN R50-FPN V2,20260908,1,Normal,0.41,582,529,4,53,0.9924953095684803,0.9089347079037801,0.9488789237668162,0.9983855891677329,0.9491291335299298,0.09106529209621994,0.007504690431519689,0.04
fasterrcnn_r50_fpn_v2,Faster R-CNN R50-FPN V2,20260909,0,Damage,0.35,20,15,75,5,0.16666666666666666,0.75,0.27272727272727276,0.7066052611263333,0.6022505064633504,0.25,0.8333333333333334,0.75
fasterrcnn_r50_fpn_v2,Faster R-CNN R50-FPN V2,20260909,1,Normal,0.35,582,557,9,25,0.9840989399293286,0.9570446735395189,0.9703832752613241,0.99847056378985,0.9643537972499738,0.04295532646048106,0.01590106007067138,0.09
fasterrcnn_r50_fpn_v2,Faster R-CNN R50-FPN V2,20260910,0,Damage,0.32,20,17,75,3,0.18478260869565216,0.85,0.30357142857142855,0.726753286646481,0.577341975373865,0.15000000000000002,0.8152173913043479,0.75
fasterrcnn_r50_fpn_v2,Faster R-CNN R50-FPN V2,20260910,1,Normal,0.32,582,554,6,28,0.9892857142857143,0.9518900343642611,0.9702276707530648,0.9982074450996238,0.9517038612488671,0.04810996563573888,0.010714285714285676,0.06
retinanet_r50_fpn_v2,RetinaNet R50-FPN V2,20260908,0,Damage,0.33,20,20,187,0,0.0966183574879227,1.0,0.1762114537444934,0.6147165456395128,0.5421688556865585,0.0,0.9033816425120773,1.87
retinanet_r50_fpn_v2,RetinaNet R50-FPN V2,20260908,1,Normal,0.33,582,550,12,32,0.9786476868327402,0.9450171821305842,0.9615384615384615,0.9869889493826807,0.9534754162861196,0.054982817869415834,0.02135231316725983,0.12
retinanet_r50_fpn_v2,RetinaNet R50-FPN V2,20260909,0,Damage,0.47,20,20,155,0,0.11428571428571428,1.0,0.20512820512820512,0.49249568584603126,0.4267865991107384,0.0,0.8857142857142857,1.55
retinanet_r50_fpn_v2,RetinaNet R50-FPN V2,20260909,1,Normal,0.47,582,523,2,59,0.9961904761904762,0.8986254295532646,0.944896115627823,0.9941342363045422,0.9644965185174301,0.10137457044673537,0.003809523809523818,0.02
retinanet_r50_fpn_v2,RetinaNet R50-FPN V2,20260910,0,Damage,0.41,20,20,132,0,0.13157894736842105,1.0,0.23255813953488372,0.5591951692411592,0.4837230606773866,0.0,0.868421052631579,1.32
retinanet_r50_fpn_v2,RetinaNet R50-FPN V2,20260910,1,Normal,0.41,582,568,8,14,0.9861111111111112,0.9759450171821306,0.9810017271157168,0.9985592644859398,0.9638725083118105,0.02405498281786944,0.01388888888888884,0.08
fcos_r50_fpn,FCOS R50-FPN,20260908,0,Damage,0.29,20,20,2971,0,0.006686726847208292,1.0,0.01328462304882099,0.009620910731898769,0.008676545194908448,0.0,0.9933132731527917,29.71
fcos_r50_fpn,FCOS R50-FPN,20260908,1,Normal,0.29,582,582,98,0,0.8558823529411764,1.0,0.9223454833597463,0.9943450443029445,0.9568911874907686,0.0,0.14411764705882357,0.98
fcos_r50_fpn,FCOS R50-FPN,20260909,0,Damage,0.52,20,8,14,12,0.36363636363636365,0.4,0.380952380952381,0.4300869295323984,0.3746229700716267,0.6,0.6363636363636364,0.14
fcos_r50_fpn,FCOS R50-FPN,20260909,1,Normal,0.52,582,580,12,2,0.9797297297297297,0.9965635738831615,0.9880749574105622,0.9966104016931345,0.9667171308721555,0.0034364261168384758,0.020270270270270285,0.12
fcos_r50_fpn,FCOS R50-FPN,20260910,0,Damage,0.51,20,1,10,19,0.09090909090909091,0.05,0.06451612903225806,0.1430230861454661,0.1284288883999562,0.95,0.9090909090909091,0.1
fcos_r50_fpn,FCOS R50-FPN,20260910,1,Normal,0.51,582,577,15,5,0.9746621621621622,0.9914089347079038,0.9829642248722317,0.989984838735315,0.9648763159625489,0.00859106529209619,0.02533783783783783,0.15
rtdetr_l,RT-DETR-L,20260908,0,Damage,0.38,20,18,492,2,0.03529411764705882,0.9,0.0679245283018868,0.06143991977410433,0.056115808164808025,0.09999999999999998,0.9647058823529412,4.92
rtdetr_l,RT-DETR-L,20260908,1,Normal,0.38,582,519,345,63,0.6006944444444444,0.8917525773195877,0.7178423236514523,0.8793658243401941,0.8120706887695291,0.10824742268041232,0.3993055555555556,3.45
rtdetr_l,RT-DETR-L,20260909,0,Damage,0.34,20,11,9,9,0.55,0.55,0.55,0.49844493837456727,0.452075084688507,0.44999999999999996,0.44999999999999996,0.09
rtdetr_l,RT-DETR-L,20260909,1,Normal,0.34,582,579,267,3,0.6843971631205674,0.9948453608247423,0.8109243697478992,0.9267162227002411,0.8663326357043853,0.005154639175257714,0.3156028368794326,2.67
rtdetr_l,RT-DETR-L,20260910,0,Damage,0.44,20,1,39,19,0.025,0.05,0.03333333333333333,0.08279488966512319,0.07796993097627287,0.95,0.975,0.39
rtdetr_l,RT-DETR-L,20260910,1,Normal,0.44,582,481,1526,101,0.23966118584952667,0.8264604810996563,0.37157203553495566,0.49367580432400016,0.4759123733120239,0.1735395189003437,0.7603388141504733,15.26
yolo11m,YOLO11m,20260908,0,Damage,0.57,20,17,42,3,0.288135593220339,0.85,0.43037974683544306,0.662971347352475,0.6283327495098825,0.15000000000000002,0.711864406779661,0.42
yolo11m,YOLO11m,20260908,1,Normal,0.57,582,537,2,45,0.9962894248608535,0.9226804123711341,0.9580731489741303,0.9600551250821311,0.9358918123853236,0.07731958762886593,0.0037105751391465214,0.02
yolo11m,YOLO11m,20260909,0,Damage,0.36,20,19,32,1,0.37254901960784315,0.95,0.5352112676056339,0.7996478595227944,0.7356198125518992,0.050000000000000044,0.6274509803921569,0.32
yolo11m,YOLO11m,20260909,1,Normal,0.36,582,565,2,17,0.9964726631393298,0.9707903780068728,0.9834638816362054,0.9799707381595704,0.961152623852939,0.029209621993127155,0.003527336860670194,0.02
yolo11m,YOLO11m,20260910,0,Damage,0.36,20,20,74,0,0.2127659574468085,1.0,0.3508771929824561,0.5138299016530612,0.4936789836250354,0.0,0.7872340425531915,0.74
yolo11m,YOLO11m,20260910,1,Normal,0.36,582,526,1,56,0.9981024667931688,0.9037800687285223,0.9486023444544635,0.9207184658986345,0.9037902065738844,0.09621993127147765,0.00189753320683117,0.01
yolov10m,YOLOv10m,20260908,0,Damage,0.2,20,20,89,0,0.1834862385321101,1.0,0.31007751937984496,0.4555041893094811,0.4400943199706207,0.0,0.8165137614678899,0.89
yolov10m,YOLOv10m,20260908,1,Normal,0.2,582,515,3,67,0.9942084942084942,0.8848797250859106,0.9363636363636364,0.9887061419524349,0.9696498813956695,0.11512027491408938,0.00579150579150578,0.03
yolov10m,YOLOv10m,20260909,0,Damage,0.24,20,13,11,7,0.5416666666666666,0.65,0.5909090909090908,0.6759670471952541,0.632527444784531,0.35,0.45833333333333337,0.11
yolov10m,YOLOv10m,20260909,1,Normal,0.24,582,548,8,34,0.9856115107913669,0.9415807560137457,0.9630931458699473,0.9880416314868016,0.9689865073239678,0.05841924398625431,0.014388489208633115,0.08
yolov10m,YOLOv10m,20260910,0,Damage,0.12,20,20,81,0,0.19801980198019803,1.0,0.3305785123966942,0.701273546753177,0.6806485778881374,0.0,0.801980198019802,0.81
yolov10m,YOLOv10m,20260910,1,Normal,0.12,582,530,7,52,0.9869646182495344,0.9106529209621993,0.9472743521000893,0.9676479683847228,0.9456419238748512,0.0893470790378007,0.013035381750465591,0.07
